first_name,last_name
Abel,Auboisdormant
Adam,Troijours
Adémar,Monoto
Adrienne,Kepoura
Agathe,Zeublouse
Ahmed,Épan
Akim,Embett
Alain,Provist
Alain,Térieur
Alain,Verse
Alban,Bou
Albert,Ichon
Aldo,Berman
Alex,Ception
Alex,Cité
Alex,Pyration
Alex,Térieur
Alfred,Ezéfor
Ali,Gator
Ali,Mentation
Aline,Éha
Allan,Oi
Alonzo,Balmaské
Alphonse,Danlmur
Alphonse,Patamob
Amadeus,Dansavoiturehacausedeschiens
Amandine,Ozaur
Amar,Di
Ambroise,Bienlepetit
Amédé,Bu
Amélie,Vapavitmélivaloin
André,Céouver
André,Daizartistte
André,Naline
Andy,Capé
Angèle,Fermlaporte
Anna,Tomie
Anne,Halle
Anne,Héantie
Anne-Corinne,Ptitghoute
Annie,Mâle
Annie,Versaire
Annie-Zette,Auffray
Aphonse,Kelpeuv
Arétha,Connerie
Ariete,Bordeauxchesnel
Armand,Bandouillère
Armand,Talo
Armelle,Couvert
Arthur,Lut
Astérix,Épéril
Aubin,Sahalor
Aude,Hébussavabien
Aude,Javel
Aude,Vesselle
Aurore,Polaire
Aurore,Boréale
Aurore,Polaire
Aurélie,Biencequetaécri
Axel,Ère
Barack,Afritt
Barbara,Dégout
Bart,Haba
Bernadette,Dejeu
Bernard,Tichaut
Berthe,Alors
Berthe,Zéprofit
Beth,Rave
Bianca,Lamine
Bienvenue,Parminou
Bill,Hattérahl
Blanche,Adéçin
Bob,Ho
Bowie,Kent
Brice,Glace
Brice,Glace
Burt,Hatartynn
Camille,Onette
Camille,Zole
Candy,Raton
Candy,Tu
Carla,Parolédor
Cécile,Hon
Cécile,Houinkça
Céline,Évitable
Charles,Ottofraize
Cicéron,Cépacaré
Claire,Hyère
Claire,Laplace
Claire,Voyance
Clemence,Dutribunal
Clément,Tine
Clint,Horris
Colette,Stérole
Cyrielle,Épatriste
Cyril,Hique
Daisy,Dyossi
Daisy,Rable
Dan,Delion
Delphine,Talaron
Denis,Chon
Dereck,Tom
Dick,Técenfote
Djamal,Alatête
Djamal,Digéré
Djamal,Dormi
Djigaut,Daniel
Douglas,O’Chocola
Eddy,Scylla
Edgard,Atéfesse
Édith,Orial
Edmond,Fils
Edmond,Grec
Edmond,Prochain
Edmond,Saintmichel
Edmond,Zobarentrer
Eléonor,Marolex
Éléonore,Iléosud
Élie,Coptère
Élise,Émoi
Ella,Bienhu
Ella,Danloss
Ella,Lagingrat
Ella,Lapêche
Elmer,Itmieu
Elsa,Dorsa
Elvira,Goche
Elvire,Horouge
Elvis,Cruxiforme
Emma,Biensucé
Emma,Paradé
Eric,Hochet
Esmée,Valda
Estelle,Oussacopine
Éva,Kuéleslieux
Eva,Lavétoncul
Eva,Pisser
Eva,Porée
Eva,Sion
Èva,Skacélagueul
Eve,Vitlézembrouilles
Fidel,Assonmek
Fidèle,Annamour
Fidèle,Hamoimème
Firmin,Dustriel
Firmin,Peutagueule
Fred,Voyage
Gael,Épahintéréssé
Garcin,Lazare
Gaspard,Alizan
Gaspard,Fait
Gédéon,Groidenmabaignoire
Geoffroy,Denledo
Georgette,Tousskjebouf
Gérard,Issime
Gérard,Manvussa
Gérard,Mendufric
Gérard,Menfaim
Gérard,Menjoui
Gerard,Menvuça
Gérard,Menvussat
Gilbert,Monlatin
Gilles,Haidesovetaj
Gilles,Parbal
Ginette,Toyélévécé
Guillaume,Tinné
Guy,Cholard
Guy,Tar
Guy,Yiotine
Habib,Oché
Hakim,Membien
Hans,Cenhalan
Harry,Cover
Harry,Stote
Hassan,Cehef
Hassan,Glier
Helmut,Tardeellepique
Henri,Cochet
Henri,Gole
Henri,Hencor
Henri,Poste
Henri,Stourne
Hercule,Danlapante
Hésotte,Eric
Homère,D’Halor
Humphrey,Biensucé
Hyppolite,Hic
Igor,Dehors
Ima,Geley
Inès,Alamaternité
Irénée,Ledivinenfant
Isabelle,Parleurnom
Ivan,Desmuguets
Jacques,Célert
Jacques,Couche
Jacques,Ouzi
Jacques,Sonne
Jacques,Use
Jacques,Xellerre
James,Tonptiku
Janette,Pafin
Jean,Bambois
Jean,Édeu
Jean,Éhenvumil
Jean,Némard
Jean,Prendnote
Jean,Registre
Jean,Reprendraisbienunptitouimerci
Jean,Rigole
Jean,Tanrien
Jean,Titouplin
Jean-Loup,Raipas
Jean-Marie,Deux
Jeanne,Dmépassa
Jeanne,Écassé
Jean-Phil,Monslip
Jeff,Hépipioli
Jeff,Hun
Jenifer,Rien
Jennifer,Arepassé
Jérémy,Ade
Jérémy,Unmantopourlivère
Jerry,Kan
Jessica,Niche
Jessica,Potanglaise
Jessica,Trizévit
Jim,Haimongrindsel
Jo,Bar
John,Duff
John,Veuplu
Jules,Hule
Julie,Danstépensé
Julien,Ternette
Justin,Calva
Justin,Ptipeu
Karl,L’Âge
Kelly,Diossi
Kelly,Diote
Khaled,Ossecour
Khan,Hisch
Lady,Commandement
L’Agent,Beudeboit
Lara,Masse
Lara,Tatouille
Larry,Golade
Lary,Bambel
Laure,Brille
Laure,Dure
Laure,Édubois
Laure,Éyencoin
Laure,Plaquée
Laure,Tiblanche
Laure,Voirrémerci
Laure-Ange,Ajus
Laurent,Gina
Laurent,Ginette
Laurent,Houtan
Lazare,Fébienléchose
Lenny,Fiant
Léon,Dit
L’Esmée,Basket
Line,Évitable
Line,Ottension
Lola,Mouille-Les-Sec
Lorie,Fice
Lory,Fice
Louis,Dort
Lucie,Ditée
Lucie,Fer
Lydie,Commandements
Lydie,O’Duvillage
Marc,Débutt
Marcel,Cénana
Marie,Age
Marie,Rouana
Marie,Tim
Marie,Vière
Marjorie,Devault
Marthe,Él’Entête
Martial,Lacour
Matéo,Porte
Maude,Cambronne
Maude,Erateur
Maude,Ysoitil
Max,Hymôme
Médhi,Khaman
Mélanie,Dansmonverre
Melanie,Zetofrais
Mélusine,Enperte
Micheline,Étrain
Mick,Emmaus
Milène,Micoton
Modeste,Men
Modeste,Oma
Nadège,Avudotre
Nadine,Amo
Nestor,Nade
Nicolas,Nihorangina
Nordine,Ateur
Norma,Leman
Octave,Ergebelle
Odile,Hatmoilarate
Odile,Deray
Omer,Dalors
Otto,Graf
Ovide,Lapoubelle
Pacôme,Toullemonde
Parfait,Temmen
Paris,Si
Pat,Hibulaire
Pat,Houproch
Pat,Regret
Pat,Réloin
Paterne,Hité
Paul,Chtron
Paul,Hémique
Paul,Ochon
Paul,Ution
Paula,Roïd
Pénélope,Solette
Percy,Flage
Perrine,Héale
Phil,Alapatte
Phil,Trahuile
Philémon,Banylon
Philémon,Codesecret
Pierre,Kiroul
Pierre,Ponce
Pit,Za
Prosper,Hytté
Quentin,Gendarmerit
Rabbi,Boché
Ray,Ponse
Remy,Fasol
René,Kikoul
Renée,Sens
Rhama,Çagescolaire
Richard,Dasso
Rob,Otique
Rod,Hanien
Roland,Culé
Roland,Dégouts
Roméo,Frigo
Rony,Vienplus
Sacha,Hutte
Sacha,Touille
Salim,Bienléongle
Sam,Eugène
Sam,Gratte
Sam,Hovar
Sam,Lécasse
Sam,Pique
Sam,Troulefion
Samantha,Lo
Samira,Bien
Samson,Éssan-Image
Sandra,Nicouverture
Sandy,Ferrance
Sandy,Kilo
Sandy,Manché
Sandy,Métrehé
Sarah,Croche
Sarah,Fréchit
Sarah,Masse
Sarah,Pelle
Sarah,Pelpu
Sarah,Sion
Sarah,Tattine!
Sarah,Vigote
Sarah,Visseuse
Scott,Ché
Sébastienne,Touseul
Serge,Oin
Sheila,Lutfinale
Sheila,Zizanie
Simon,Cussonet
Simon,Cussonetorelheur
Solange,Eulure
Sylvain,Ebon
Sylvain,Étiré
Sylvie,Bromasseur
Sylvie,Cékilépamor
Sylvie,Encorasommle
Tanguy,Yadlavi-Yadlespoir
Tarek,Tifié
Teddy,Nainportekoi
Terry,Dicule
Terry,Kiki
Tex,Agère
Théa,Louest
Théophile,Éhontlobe
Thérèse,Ponsabledumatos
Thibault,Timeplé
Thierry,Chmonfils
Thierry,Golo
Thomas,Toketchup
Thomas,Waques
Tim,Hagine
Tom,Égérie
Tom,Hawack
Tristan,Amour
Vicky,Népamort
Vishnou,Lapaix
Vivien,Chezmoi
Yamamoto,Kaderate
Yann,Akepourlui
Yoland,Gingras
Yvan,Dubois
Yvan,Pèrémère
Yves,Atrovite
Yves,Héron
Yves,Vapabien
Yves,Vapartout
Yvon,Enbavé
Yvon,Lavallée
Yvon,Tremblay
Zinedine,Pacesoir
Name:,
,
+wiki,
